{"gradients/graph_1target_embeddings.weight":{"_type":"histogram","values":[20,0,0,0,0,0,0,0,0,0,0,0,0,0,20,0,0,0,0,0,0,0,0,0,40,0,20,0,20,60,120,1.144467e+06,3033,180,90,30,0,30,0,60,0,0,0,0,0,0,0,0,0,30,0,0,0,0,0,0,0,0,0,0,0,0,0,30],"bins":[-1.3099503121338785e-05,-1.2689868526649661e-05,-1.2280233022465836e-05,-1.1870598427776713e-05,-1.1460962923592888e-05,-1.1051328328903764e-05,-1.0641693734214641e-05,-1.0232059139525518e-05,-9.822423635341693e-06,-9.412788131157868e-06,-9.003153536468744e-06,-8.593518941779621e-06,-8.183884347090498e-06,-7.774248842906673e-06,-7.364614248217549e-06,-6.954979198781075e-06,-6.545344149344601e-06,-6.1357090999081265e-06,-5.726074050471652e-06,-5.316439455782529e-06,-4.906803951598704e-06,-4.4971693569095805e-06,-4.087534762220457e-06,-3.677899258036632e-06,-3.2682646633475088e-06,-2.8586300686583854e-06,-2.4489945644745603e-06,-2.039359969785437e-06,-1.6297253750963137e-06,-1.2200898709124885e-06,-8.104552762233652e-07,-4.008197720395401e-07,8.813913154881448e-09,4.184485078440048e-07,8.280840120278299e-07,1.2377186067169532e-06,1.6473541109007783e-06,2.0569887055899017e-06,2.466623300279025e-06,2.87625880446285e-06,3.2858933991519734e-06,3.6955279938410968e-06,4.105163498024922e-06,4.514798092714045e-06,4.9244326874031685e-06,5.334068191586994e-06,5.743702786276117e-06,6.153337835712591e-06,6.562972885149065e-06,6.97260793458554e-06,7.382242984022014e-06,7.791877578711137e-06,8.20151217340026e-06,8.611147677584086e-06,9.020782272273209e-06,9.430417776457034e-06,9.840052371146157e-06,1.024968696583528e-05,1.0659322470019106e-05,1.106895706470823e-05,1.1478592568892054e-05,1.1888227163581178e-05,1.2297861758270301e-05,1.2707497262454126e-05,1.311713185714325e-05]},"gradients/graph_1context_embeddings.weight":{"bins":[-3.593968358472921e-07,-3.481673616079206e-07,-3.3693788736854913e-07,-3.2570841312917764e-07,-3.144789673115156e-07,-3.032494930721441e-07,-2.920200188327726e-07,-2.8079054459340114e-07,-2.695610987757391e-07,-2.583316245363676e-07,-2.471021502969961e-07,-2.3587267605762463e-07,-2.2464320181825315e-07,-2.1341374178973638e-07,-2.021842675503649e-07,-1.9095480752184812e-07,-1.7972533328247664e-07,-1.6849585904310516e-07,-1.572663990145884e-07,-1.460369247752169e-07,-1.3480746474670013e-07,-1.2357799050732865e-07,-1.1234851626795717e-07,-1.0111904202858568e-07,-8.98895677892142e-08,-7.866012197155214e-08,-6.743064773218066e-08,-5.6201173492809176e-08,-4.497169925343769e-08,-3.374222501406621e-08,-2.2512779196404153e-08,-1.128330495703267e-08,-5.383071766118519e-11,1.1175643521710299e-08,2.2405117761081783e-08,3.363456357874384e-08,4.486403781811532e-08,5.6093512057486805e-08,6.732298629685829e-08,7.855246053622977e-08,8.978190635389183e-08,1.0101138059326331e-07,1.122408548326348e-07,1.2347032907200628e-07,1.3469980331137776e-07,1.4592926333989453e-07,1.5715873757926602e-07,1.6838819760778279e-07,1.7961767184715427e-07,1.9084714608652575e-07,2.0207660611504252e-07,2.13306080354414e-07,2.2453554038293078e-07,2.3576501462230226e-07,2.4699448886167374e-07,2.5822396310104523e-07,2.694534373404167e-07,2.8068288315807877e-07,2.9191235739745025e-07,3.0314183163682173e-07,3.143713058761932e-07,3.2560075169385527e-07,3.3683022593322676e-07,3.4805970017259824e-07,3.592891744119697e-07],"_type":"histogram","values":[30,0,0,30,0,0,0,0,0,0,30,30,0,0,90,60,0,60,90,60,0,90,30,90,120,180,240,340,740,840,1859,57762,1.082119e+06,1260,549,491,240,160,120,80,60,20,60,0,40,53,47,0,40,60,0,0,20,20,0,0,0,0,0,0,20,0,0,20]},"_wandb":{"runtime":155},"_runtime":155,"loss":0.004304094705730677,"_timestamp":1.759982962579394e+09,"_step":119}