{"_runtime":295,"loss":34.25554275512695,"_timestamp":1.7599806663624656e+09,"_step":163,"gradients/context_embeddings.weight":{"values":[1,0,1,1,0,2,1,1,1,6,2,6,6,6,6,10,9,15,14,23,33,50,78,116,131,227,362,555,937,1552,2506,4884,88104,1.708246e+06,5384,2462,1561,999,604,391,253,123,80,82,50,24,19,12,14,8,10,5,4,8,2,1,1,3,4,0,2,1,0,1],"bins":[-0.0004915108438581228,-0.00047662886208854616,-0.00046174685121513903,-0.00044686486944556236,-0.00043198285857215524,-0.00041710087680257857,-0.0004022188950330019,-0.0003873368841595948,-0.0003724549023900181,-0.00035757292062044144,-0.0003426909097470343,-0.00032780892797745764,-0.000312926946207881,-0.00029804493533447385,-0.0002831629535648972,-0.0002682809717953205,-0.0002533989609219134,-0.00023851697915233672,-0.0002236349682789296,-0.00020875298650935292,-0.0001938709756359458,-0.00017898899386636913,-0.00016410701209679246,-0.00014922500122338533,-0.00013434301945380867,-0.000119461037684232,-0.00010457902681082487,-8.96970450412482e-05,-7.481506327167153e-05,-5.993305239826441e-05,-4.505107062868774e-05,-3.0169059755280614e-05,-1.5287107089534402e-05,-4.0512531995773315e-07,1.4476885553449392e-05,2.935886732302606e-05,4.4240878196433187e-05,5.9122859966009855e-05,7.400484173558652e-05,8.888685260899365e-05,0.00010376883437857032,0.00011865081614814699,0.0001335328270215541,0.00014841480879113078,0.00016329679056070745,0.00017817880143411458,0.00019306078320369124,0.00020794279407709837,0.00022282477584667504,0.00023770677216816694,0.00025258876848965883,0.0002674707502592355,0.00028235273202881217,0.0002972347429022193,0.00031211672467179596,0.00032699870644137263,0.00034188071731477976,0.0003567627281881869,0.00037164470995776355,0.0003865266917273402,0.00040140870260074735,0.000416290684370324,0.0004311726661399007,0.0004460546770133078,0.0004609366587828845],"_type":"histogram"},"gradients/target_embeddings.weight":{"values":[1,0,0,2,0,0,0,0,0,1,0,0,1,0,0,5,4,2,7,2,6,6,15,11,19,32,47,71,135,276,532,1210,2760,5257,1.802479e+06,3851,1719,740,330,182,103,63,39,25,16,9,9,6,6,5,2,1,1,3,1,2,0,1,0,2,1,0,1,1],"bins":[-0.0006456627161242068,-0.0006267968565225601,-0.0006079310551285744,-0.0005890651955269277,-0.000570199335925281,-0.0005513335345312953,-0.0005324676749296486,-0.000513601815328002,-0.0004947360139340162,-0.00047587015433236957,-0.0004570042947307229,-0.0004381384642329067,-0.0004192726337350905,-0.00040040677413344383,-0.00038154094363562763,-0.00036267508403398097,-0.00034380925353616476,-0.00032494342303834856,-0.0003060775634367019,-0.0002872117329388857,-0.000268345873337239,-0.0002494800428394228,-0.00023061421234160662,-0.00021174835273995996,-0.00019288252224214375,-0.00017401669174432755,-0.00015515083214268088,-0.00013628497254103422,-0.00011741917114704847,-9.855331154540181e-05,-7.968745194375515e-05,-6.08216505497694e-05,-4.1955732740461826e-05,-2.3089873138815165e-05,-4.224071744829416e-06,1.4641787856817245e-05,3.350764745846391e-05,5.2373448852449656e-05,7.123930845409632e-05,9.010516805574298e-05,0.00010897099855355918,0.0001278368290513754,0.00014670268865302205,0.00016556851915083826,0.00018443434964865446,0.00020330020925030112,0.00022216603974811733,0.000241031899349764,0.0002598977298475802,0.0002787635603453964,0.00029762941994704306,0.00031649525044485927,0.00033536111004650593,0.00035422694054432213,0.00037309277104213834,0.000391958630643785,0.0004108244611416012,0.0004296902916394174,0.00044855615124106407,0.0004674219817388803,0.0004862878122366965,0.0005051536718383431,0.0005240195314399898,0.0005428853328339756,0.0005617511924356222],"_type":"histogram"},"_wandb":{"runtime":295}}