{"_step":158,"gradients/context_embeddings.weight":{"values":[22,0,0,0,22,22,0,0,0,0,0,22,0,44,22,22,0,0,44,22,44,44,44,44,22,110,198,352,396,594,1122,1.745808e+06,66892,1428,756,504,448,252,140,28,56,56,56,56,28,56,0,0,28,28,56,0,28,0,0,0,0,0,28,28,0,0,0,28],"bins":[-2.8613339964067563e-07,-2.771914182631008e-07,-2.6824946530723537e-07,-2.593074839296605e-07,-2.503655309737951e-07,-2.4142354959622025e-07,-2.324815682186454e-07,-2.2353960105192527e-07,-2.1459763388520514e-07,-2.05655666718485e-07,-1.9671369955176488e-07,-1.8777171817419003e-07,-1.788297510074699e-07,-1.6988778384074976e-07,-1.6094580246317491e-07,-1.5200383529645478e-07,-1.4306186812973465e-07,-1.3411990096301452e-07,-1.2517793379629438e-07,-1.1623595241871953e-07,-1.072939852519994e-07,-9.835201808527927e-08,-8.941003670770442e-08,-8.046806954098429e-08,-7.152610237426416e-08,-6.258413520754402e-08,-5.364216804082389e-08,-4.470018666324904e-08,-3.5758205285674194e-08,-2.6816252329808776e-08,-1.7874270952233928e-08,-8.93231799636851e-09,9.663381206337363e-12,8.951644758781185e-09,1.7893597714646603e-08,2.683557909222145e-08,3.577753204808687e-08,4.4719513425661717e-08,5.3661494803236565e-08,6.26034619699567e-08,7.154542913667683e-08,8.048739630339696e-08,8.94293634701171e-08,9.837134484769194e-08,1.0731331201441208e-07,1.1625527918113221e-07,1.2519726055870706e-07,1.341392277254272e-07,1.4308119489214732e-07,1.5202316205886746e-07,1.609651292255876e-07,1.6990711060316244e-07,1.7884907776988257e-07,1.877910449366027e-07,1.9673302631417755e-07,2.0567499348089768e-07,2.1461696064761782e-07,2.2355892781433795e-07,2.3250089498105808e-07,2.4144287635863293e-07,2.503848577362078e-07,2.593268106920732e-07,2.6826879206964804e-07,2.7721074502551346e-07,2.861527264030883e-07],"_type":"histogram"},"gradients/target_embeddings.weight":{"bins":[-5.0998914957745e-06,-4.940431608702056e-06,-4.780971266882261e-06,-4.621511379809817e-06,-4.4620510379900225e-06,-4.3025911509175785e-06,-4.1431312638451345e-06,-3.98367092202534e-06,-3.824210580205545e-06,-3.664750693133101e-06,-3.5052905786869815e-06,-3.345830464240862e-06,-3.186370577168418e-06,-3.0269104627222987e-06,-2.8674503482761793e-06,-2.70799023383006e-06,-2.5485301193839405e-06,-2.389070004937821e-06,-2.2296098904917017e-06,-2.0701497760455823e-06,-1.910689661599463e-06,-1.7512297745270189e-06,-1.5917696600808995e-06,-1.43230954563478e-06,-1.2728496585623361e-06,-1.1133893167425413e-06,-9.539294296700973e-07,-7.944690878503025e-07,-6.350092007778585e-07,-4.7554885895806365e-07,-3.160889718856197e-07,-1.5662863006582484e-07,2.830802259268239e-09,1.622906893317122e-07,3.2175103115150705e-07,4.81210918223951e-07,6.406712600437459e-07,8.001311471161898e-07,9.595914889359847e-07,1.1190513760084286e-06,1.2785117178282235e-06,1.4379716049006674e-06,1.5974317193467868e-06,1.7568918337929063e-06,1.9163517208653502e-06,2.0758118353114696e-06,2.235271949757589e-06,2.3947320642037084e-06,2.554192178649828e-06,2.7136522930959472e-06,2.8731124075420666e-06,3.032572521988186e-06,3.1920326364343055e-06,3.3514925235067494e-06,3.510952637952869e-06,3.6704127523989882e-06,3.829873094218783e-06,3.989332981291227e-06,4.148792868363671e-06,4.308253210183466e-06,4.46771309725591e-06,4.627173439075705e-06,4.786633326148149e-06,4.9460936679679435e-06,5.1055535550403874e-06],"_type":"histogram","values":[28,0,0,0,0,0,0,0,0,0,0,0,0,0,0,0,0,0,56,0,28,0,0,28,0,0,56,28,140,140,196,1.815824e+06,2926,154,110,110,22,44,0,0,22,0,0,22,0,44,0,0,0,0,0,0,0,0,0,0,0,0,0,0,0,0,0,22]},"_wandb":{"runtime":228},"_runtime":228,"loss":0.0028508836403489113,"_timestamp":1.759973969860314e+09}