{"_runtime":12,"_timestamp":1.7599785635901127e+09,"_step":9,"loss":47.39791488647461,"gradients/graph_1context_embeddings.weight":{"bins":[-0.0008186209015548229,-0.000793286191765219,-0.000767951481975615,-0.0007426167721860111,-0.0007172820623964071,-0.0006919473526068032,-0.0006666126428171992,-0.0006412779912352562,-0.0006159432232379913,-0.0005906085716560483,-0.0005652738036587834,-0.0005399391520768404,-0.0005146044422872365,-0.0004892697324976325,-0.00046393502270802855,-0.0004386003129184246,-0.00041326560312882066,-0.0003879308933392167,-0.00036259618354961276,-0.0003372614737600088,-0.00031192676397040486,-0.0002865920541808009,-0.00026125734439119697,-0.00023592263460159302,-0.00021058798301964998,-0.00018525327323004603,-0.00015991856344044209,-0.00013458385365083814,-0.00010924914386123419,-8.391443407163024e-05,-5.857972428202629e-05,-3.324501449242234e-05,-7.910304702818394e-06,1.7424405086785555e-05,4.2759114876389503e-05,6.809382466599345e-05,9.34285344555974e-05,0.00011876324424520135,0.0001440979540348053,0.00016943266382440925,0.0001947673736140132,0.00022010202519595623,0.0002454367349855602,0.00027077144477516413,0.0002961061545647681,0.000321440864354372,0.000346775574143976,0.0003721102839335799,0.00039744499372318387,0.0004227797035127878,0.00044811441330239177,0.0004734491230919957,0.0004987838328815997,0.0005241185426712036,0.0005494531942531466,0.0005747879622504115,0.0006001226138323545,0.0006254573818296194,0.0006507920334115624,0.0006761267432011664,0.0007014614529907703,0.0007267961627803743,0.0007521308725699782,0.0007774655823595822,0.0008028002921491861],"_type":"histogram","values":[2,0,2,11,4,3,2,0,0,0,1,3,11,7,5,21,16,39,19,28,15,79,70,73,328,595,597,718,882,936,2187,28347,1.769597e+06,9775,1586,807,878,569,702,507,216,35,92,53,16,29,18,38,19,12,8,10,6,1,0,0,0,1,3,7,5,4,4,1]},"gradients/graph_1target_embeddings.weight":{"values":[3,9,9,3,1,0,0,0,0,0,1,2,17,91,101,76,90,129,105,160,164,110,127,191,115,194,230,312,327,336,486,613,1.812461e+06,477,404,340,303,239,210,127,173,150,113,162,156,112,148,90,69,84,117,35,2,1,0,0,0,0,0,0,1,6,16,2],"bins":[-0.00027611275436356664,-0.0002675233699847013,-0.0002589339856058359,-0.00025034460122697055,-0.00024175523140002042,-0.00023316584702115506,-0.0002245764626422897,-0.00021598707826342434,-0.0002073977084364742,-0.00019880832405760884,-0.00019021893967874348,-0.00018162955529987812,-0.00017304017092101276,-0.0001644507865421474,-0.00015586140216328204,-0.0001472720323363319,-0.00013868264795746654,-0.00013009326357860118,-0.00012150387919973582,-0.00011291450937278569,-0.00010432512499392033,-9.573574061505497e-05,-8.71463562361896e-05,-7.855697185732424e-05,-6.996758747845888e-05,-6.137821765150875e-05,-5.278883327264339e-05,-4.4199448893778026e-05,-3.5610064514912665e-05,-2.7020694687962532e-05,-1.843131030909717e-05,-9.84192593023181e-06,-1.2525415513664484e-06,7.336842827498913e-06,1.5926227206364274e-05,2.4515611585229635e-05,3.310498141217977e-05,4.169436579104513e-05,5.028375016991049e-05,5.887313454877585e-05,6.746250437572598e-05,7.605188875459135e-05,8.464127313345671e-05,9.323065751232207e-05,0.00010182004189118743,0.00011040942627005279,0.00011899879609700292,0.00012758818047586828,0.00013617756485473365,0.000144766949233599,0.00015335631906054914,0.0001619457034394145,0.00017053508781827986,0.00017912447219714522,0.00018771385657601058,0.00019630324095487595,0.0002048926253337413,0.00021348199516069144,0.0002220713795395568,0.00023066076391842216,0.00023925014829728752,0.00024783951812423766,0.000256428902503103,0.0002650182868819684,0.00027360767126083374],"_type":"histogram"},"_wandb":{"runtime":12}}