{"gradients/graph_1target_embeddings.weight":{"values":[27,27,27,27,0,0,0,27,0,0,0,49,32,54,0,0,27,0,27,0,27,81,0,81,54,27,54,108,135,243,487,3995,1.812912e+06,483,161,138,115,69,23,23,69,23,69,23,0,23,0,23,0,0,23,46,46,0,0,0,23,0,0,0,23,23,23,23],"bins":[-1.9985529888799647e-06,-1.9362455532245804e-06,-1.8739383449428715e-06,-1.8116309092874872e-06,-1.7493235873189406e-06,-1.687016265350394e-06,-1.6247088296950096e-06,-1.562401507726463e-06,-1.5000941857579164e-06,-1.4377868637893698e-06,-1.3754795418208232e-06,-1.3131721061654389e-06,-1.2508647841968923e-06,-1.1885574622283457e-06,-1.1262500265729614e-06,-1.0639427046044148e-06,-1.0016353826358682e-06,-9.393280606673216e-07,-8.77020738698775e-07,-8.147133030433906e-07,-7.52405981074844e-07,-6.900986591062974e-07,-6.277912234509131e-07,-5.654839014823665e-07,-5.031765795138199e-07,-4.408692575452733e-07,-3.785619355767267e-07,-3.1625449992134236e-07,-2.5394717795279576e-07,-1.9163985598424915e-07,-1.2933242032886483e-07,-6.702521204715595e-08,-4.718003765447065e-09,5.758943188993726e-08,1.1989664017164614e-07,1.8220407582703047e-07,2.4451139779557707e-07,3.0681871976412367e-07,3.69126155419508e-07,4.314334773880546e-07,4.937407993566012e-07,5.560481213251478e-07,6.183554432936944e-07,6.806628789490787e-07,7.429702009176253e-07,8.052775228861719e-07,8.675849585415563e-07,9.298922805101029e-07,9.921996024786495e-07,1.054506924447196e-06,1.1168142464157427e-06,1.179121682071127e-06,1.2414290040396736e-06,1.3037363260082202e-06,1.3660437616636045e-06,1.4283510836321511e-06,1.4906584056006977e-06,1.5529657275692443e-06,1.615273049537791e-06,1.6775804851931753e-06,1.7398878071617219e-06,1.8021951291302685e-06,1.8645025647856528e-06,1.9268097730673617e-06,1.989117208722746e-06],"_type":"histogram"},"gradients/graph_1context_embeddings.weight":{"bins":[-2.2952919209728861e-07,-2.223555952696188e-07,-2.1518198423109425e-07,-2.0800838740342442e-07,-2.008347905757546e-07,-1.9366117953723005e-07,-1.8648758270956023e-07,-1.793139858818904e-07,-1.7214037484336586e-07,-1.6496677801569604e-07,-1.577931811880262e-07,-1.5061957014950167e-07,-1.4344597332183184e-07,-1.3627237649416202e-07,-1.2909876545563748e-07,-1.2192516862796765e-07,-1.1475156469487047e-07,-1.0757796076177328e-07,-1.0040436393410346e-07,-9.323075289557892e-08,-8.605715606790909e-08,-7.888355924023926e-08,-7.170994820171472e-08,-6.45363513740449e-08,-5.736275454637507e-08,-5.018914350785053e-08,-4.3015546680180705e-08,-3.584194985251088e-08,-2.8668338813986338e-08,-2.1494741986316512e-08,-1.4321145158646686e-08,-7.147534120122145e-09,2.6062707547680475e-11,7.199659535217506e-09,1.4373270573742047e-08,2.1546867401411873e-08,2.87204642290817e-08,3.589407526760624e-08,4.3067672095276066e-08,5.024126892294589e-08,5.741487996147043e-08,6.458847678914026e-08,7.176207361681008e-08,7.893568465533463e-08,8.610928148300445e-08,9.328287831067428e-08,1.0045648934919882e-07,1.0763008617686864e-07,1.1480369010996583e-07,1.21977294043063e-07,1.2915089087073284e-07,1.3632450190925738e-07,1.434980987369272e-07,1.5067169556459703e-07,1.5784530660312157e-07,1.650189034307914e-07,1.7219250025846122e-07,1.7936611129698576e-07,1.865397081246556e-07,1.9371330495232542e-07,2.0088691599084996e-07,2.0806051281851978e-07,2.152341096461896e-07,2.2240772068471415e-07,2.2958131751238398e-07],"_type":"histogram","values":[23,0,0,23,23,0,46,0,0,23,46,0,23,23,0,0,23,46,69,23,46,138,92,115,92,184,331,290,644,1380,2538,1.736039e+06,70425,2950,1624,750,354,379,212,108,135,108,162,54,27,81,54,27,0,0,27,27,0,54,27,0,0,54,0,27,27,0,0,27]},"_wandb":{"runtime":184},"_runtime":184,"_step":116,"loss":0.007835363037884235,"_timestamp":1.759973507916561e+09}