{"_timestamp":1.7599671645762558e+09,"_step":163,"gradients/context_embeddings.weight":{"values":[1,0,0,0,0,0,0,2,0,0,0,0,2,1,2,2,1,3,5,5,6,6,13,15,33,49,77,113,266,530,1091,2244,4697,1.742727e+06,60092,4062,1939,969,453,256,115,83,39,34,15,13,18,5,1,1,4,2,0,2,3,1,0,1,0,0,0,0,0,1],"bins":[-0.0007524851826019585,-0.0007303156889975071,-0.0007081462536007166,-0.0006859768182039261,-0.0006638073245994747,-0.0006416378309950233,-0.0006194683955982327,-0.0005972989602014422,-0.0005751294665969908,-0.0005529599729925394,-0.0005307905375957489,-0.0005086211021989584,-0.000486451608594507,-0.000464282144093886,-0.00044211267959326506,-0.0004199432150926441,-0.00039777375059202313,-0.0003756042860914022,-0.0003534348215907812,-0.00033126535709016025,-0.0003090958925895393,-0.00028692642808891833,-0.00026475696358829737,-0.00024258746998384595,-0.00022041803458705544,-0.00019824859919026494,-0.00017607910558581352,-0.0001539096119813621,-0.0001317401765845716,-0.0001095707411877811,-8.740124758332968e-05,-6.523175397887826e-05,-4.306226037442684e-05,-2.0892824977636337e-05,1.2766686268150806e-06,2.34461622312665e-05,4.5615597628057e-05,6.778503302484751e-05,8.995452662929893e-05,0.00011212402023375034,0.00013429345563054085,0.00015646289102733135,0.00017863238463178277,0.00020080184913240373,0.0002229713136330247,0.00024514077813364565,0.0002673102426342666,0.0002894797071348876,0.00031164917163550854,0.0003338186361361295,0.00035598810063675046,0.0003781575651373714,0.0004003270296379924,0.00042249649413861334,0.0004446659586392343,0.00046683542313985527,0.0004890048876404762,0.0005111743230372667,0.0005333438166417181,0.0005555133102461696,0.0005776827456429601,0.0005998521810397506,0.000622021674644202,0.0006441911682486534,0.0006663606036454439],"_type":"histogram"},"gradients/target_embeddings.weight":{"_type":"histogram","values":[1,0,0,1,0,1,0,2,0,5,2,2,3,5,3,5,8,8,12,16,30,51,61,97,189,310,560,1272,2557,4450,1.801856e+06,3980,2167,1094,530,282,143,106,45,36,25,27,14,8,6,2,11,1,0,2,1,2,1,0,1,4,0,1,2,0,1,0,0,1],"bins":[-0.0004910774878226221,-0.0004749268409796059,-0.0004587761650327593,-0.0004426254890859127,-0.00042647484224289656,-0.0004103241953998804,-0.0003941735194530338,-0.0003780228435061872,-0.00036187219666317105,-0.0003457215498201549,-0.0003295708738733083,-0.0003134201979264617,-0.00029726955108344555,-0.0002811189042404294,-0.0002649682282935828,-0.0002488175523467362,-0.00023266690550372005,-0.0002165162586607039,-0.0002003655827138573,-0.0001842149067670107,-0.00016806425992399454,-0.0001519136130809784,-0.0001357629371341318,-0.00011961226118728518,-0.00010346161434426904,-8.731096750125289e-05,-7.116029155440629e-05,-5.500961560755968e-05,-3.885896876454353e-05,-2.2708321921527386e-05,-6.557645974680781e-06,9.593029972165823e-06,2.5743618607521057e-05,4.1894265450537205e-05,5.804494139738381e-05,7.419561734423041e-05,9.034626418724656e-05,0.00010649691103026271,0.0001226475869771093,0.00013879826292395592,0.00015494890976697206,0.0001710995566099882,0.00018725023255683482,0.00020340090850368142,0.00021955155534669757,0.00023570220218971372,0.0002518528781365603,0.0002680035540834069,0.00028415420092642307,0.0003003048477694392,0.0003164555237162858,0.00033260619966313243,0.0003487568465061486,0.0003649074933491647,0.00038105816929601133,0.00039720884524285793,0.0004133594920858741,0.00042951013892889023,0.00044566081487573683,0.00046181149082258344,0.0004779621376655996,0.0004941127845086157,0.0005102634895592928,0.0005264141364023089,0.0005425647832453251]},"_wandb":{"runtime":248},"_runtime":248,"step":16300,"loss":34.28810119628906}