{"_timestamp":1.759977976602784e+09,"_step":162,"gradients/graph_1target_embeddings.weight":{"_type":"histogram","values":[2,0,0,0,2,0,0,1,0,0,1,1,0,1,6,6,9,8,6,12,19,26,34,39,87,117,267,514,1178,2590,4919,2.907698e+06,4104,2000,930,432,204,88,68,33,24,21,12,6,11,4,2,7,0,3,3,0,2,0,0,0,1,1,0,0,0,0,0,1],"bins":[-0.0005428227595984936,-0.0005254914285615087,-0.0005081601557321846,-0.0004908288246951997,-0.00047349752276204526,-0.0004561662208288908,-0.0004388348897919059,-0.0004215035878587514,-0.00040417228592559695,-0.0003868409839924425,-0.000369509682059288,-0.0003521783510223031,-0.00033484704908914864,-0.0003175157471559942,-0.00030018441611900926,-0.0002828531141858548,-0.00026552181225270033,-0.00024819051031954587,-0.0002308592083863914,-0.00021352787734940648,-0.00019619657541625202,-0.00017886527348309755,-0.00016153394244611263,-0.00014420264051295817,-0.0001268713385798037,-0.00010954003664664924,-9.220873471349478e-05,-7.487740367650986e-05,-5.7546101743355393e-05,-4.021479981020093e-05,-2.288346877321601e-05,-5.552195943892002e-06,1.1779076885432005e-05,2.9110407922416925e-05,4.644168075174093e-05,6.377301178872585e-05,8.110431372188032e-05,9.843561565503478e-05,0.0001157669466920197,0.00013309824862517416,0.00015042955055832863,0.0001677608524914831,0.00018509215442463756,0.00020242348546162248,0.00021975478739477694,0.0002370860893279314,0.0002544174203649163,0.0002717487222980708,0.00028908002423122525,0.0003064113261643797,0.0003237426280975342,0.0003410739591345191,0.00035840526106767356,0.00037573656300082803,0.00039306789403781295,0.0004103991959709674,0.0004277304979041219,0.00044506179983727634,0.0004623931017704308,0.0004797244328074157,0.0004970557056367397,0.0005143870366737247,0.0005317183677107096,0.0005490496405400336,0.0005663809715770185]},"gradients/graph_1context_embeddings.weight":{"_type":"histogram","values":[1,0,1,1,1,0,2,0,0,3,5,6,8,7,11,8,14,13,19,20,48,53,86,125,222,371,780,1304,2469,5586,2.877589e+06,27904,4180,2123,1110,611,309,169,84,68,43,34,28,16,16,6,18,5,4,5,3,3,1,2,0,1,1,2,0,0,0,0,0,1],"bins":[-0.0005826182314194739,-0.0005637185531668365,-0.0005448188749141991,-0.0005259192548692226,-0.0005070195766165853,-0.00048811989836394787,-0.0004692202201113105,-0.0004503205418586731,-0.00043142089270986617,-0.00041252124356105924,-0.00039362156530842185,-0.00037472188705578446,-0.0003558222088031471,-0.00033692255965434015,-0.00031802288140170276,-0.00029912323225289583,-0.00028022355400025845,-0.00026132387574762106,-0.00024242422659881413,-0.00022352454834617674,-0.00020462489919736981,-0.00018572522094473243,-0.00016682554269209504,-0.0001479258935432881,-0.00012902621529065073,-0.00011012653703801334,-9.122688788920641e-05,-7.232720963656902e-05,-5.342753138393164e-05,-3.452785313129425e-05,-1.5628233086317778e-05,3.2714451663196087e-06,2.217118162661791e-05,4.1070859879255295e-05,5.997053813189268e-05,7.887015817686915e-05,9.776983642950654e-05,0.00011666951468214393,0.0001355691929347813,0.00015446884208358824,0.00017336852033622563,0.00019226819858886302,0.00021116784773766994,0.00023006752599030733,0.0002489672042429447,0.00026786685339175165,0.00028676653164438903,0.00030566618079319596,0.00032456585904583335,0.00034346553729847074,0.00036236518644727767,0.00038126486469991505,0.000400164513848722,0.00041906419210135937,0.00043796387035399675,0.00045686354860663414,0.00047576319775544107,0.000494662846904248,0.0005135625251568854,0.0005324622034095228,0.0005513618816621602,0.0005702615599147975,0.000589161179959774,0.0006080608582124114,0.0006269605364650488]},"_wandb":{"runtime":354},"_runtime":354,"loss":34.26458740234375}