{"_wandb":{"runtime":4},"_runtime":4,"_step":0,"loss":0.6931471228599548,"_timestamp":1.7599758808119757e+09}