{"loss":34.02284622192383,"_timestamp":1.7599789289751048e+09,"_step":326,"gradients/graph_2context_embeddings.weight":{"_type":"histogram","values":[4,0,0,1,1,4,0,3,1,2,7,2,10,10,11,15,29,27,43,74,97,160,189,275,400,586,794,1153,1833,4456,1.78484e+06,17975,2825,1351,861,627,420,276,163,126,87,74,42,28,35,13,17,9,12,4,6,5,6,2,1,1,2,2,1,1,0,0,0,1],"bins":[-0.0006117272423580289,-0.000591832387726754,-0.0005719375913031399,-0.000552042736671865,-0.000532147940248251,-0.000512253085616976,-0.000492358289193362,-0.00047246343456208706,-0.00045256863813847303,-0.0004326737835071981,-0.00041277898708358407,-0.00039288413245230913,-0.00037298930692486465,-0.00035309448139742017,-0.0003331996558699757,-0.0003133048303425312,-0.0002934100048150867,-0.00027351517928764224,-0.00025362035376019776,-0.00023372552823275328,-0.0002138307027053088,-0.0001939358771778643,-0.00017404105165041983,-0.00015414622612297535,-0.0001342513714917004,-0.00011435657506808639,-9.446172043681145e-05,-7.456692401319742e-05,-5.4672069381922483e-05,-3.477727295830846e-05,-1.488241832703352e-05,5.012378096580505e-06,2.4907232727855444e-05,4.480208735913038e-05,6.469688378274441e-05,8.459173841401935e-05,0.00010448653483763337,0.0001243813894689083,0.00014427618589252234,0.00016417104052379727,0.0001840658369474113,0.00020396069157868624,0.00022385551710613072,0.0002437503426335752,0.0002636451681610197,0.00028353999368846416,0.00030343481921590865,0.00032332964474335313,0.0003432244702707976,0.0003631192957982421,0.0003830141213256866,0.00040290894685313106,0.00042280377238057554,0.00044269859790802,0.00046259345253929496,0.000482488248962909,0.0005023831035941839,0.000522277900017798,0.0005421727546490729,0.0005620675510726869,0.0005819624057039618,0.0006018572021275759,0.0006217520567588508,0.0006416468531824648,0.0006615417078137398]},"gradients/graph_2target_embeddings.weight":{"bins":[-0.0008523683645762503,-0.0008297174936160445,-0.0008070666226558387,-0.0007844157516956329,-0.0007617649389430881,-0.0007391140679828823,-0.0007164631970226765,-0.0006938123260624707,-0.0006711614551022649,-0.00064851064234972,-0.0006258597713895142,-0.0006032089004293084,-0.0005805580294691026,-0.0005579071585088968,-0.000535256345756352,-0.0005126054747961462,-0.0004899546038359404,-0.00046730373287573457,-0.00044465289101935923,-0.00042200202005915344,-0.0003993511782027781,-0.0003767003072425723,-0.0003540494362823665,-0.0003313985653221607,-0.00030874769436195493,-0.00028609688160941005,-0.00026344601064920425,-0.00024079513968899846,-0.00021814426872879267,-0.00019549339776858687,-0.000172842585016042,-0.0001501917140558362,-0.0001275407848879695,-0.0001048899139277637,-8.223904296755791e-05,-5.958823021501303e-05,-3.6937359254807234e-05,-1.428648829460144e-05,8.364382665604353e-06,3.1015253625810146e-05,5.3666066378355026e-05,7.631693733856082e-05,9.896780829876661e-05,0.0001216186792589724,0.0001442695502191782,0.00016692039207555354,0.00018957126303575933,0.00021222210489213467,0.00023487297585234046,0.00025752384681254625,0.0002801746886689216,0.0003028255596291274,0.0003254764014855027,0.0003481272724457085,0.0003707781434059143,0.0003934290143661201,0.00041607985622249544,0.0004387306980788708,0.00046138156903907657,0.00048403243999928236,0.0005066833109594882,0.000529334181919694,0.0005519849946722388,0.0005746358656324446,0.0005972867365926504],"_type":"histogram","values":[1,0,0,0,0,1,0,0,1,0,0,1,1,0,1,3,1,4,2,6,7,16,5,15,15,25,33,43,58,108,129,225,328,539,874,1265,1749,1.808498e+06,1765,1430,1022,585,418,274,139,109,66,59,45,28,16,16,15,10,11,7,8,3,7,3,4,1,1,4]},"_wandb":{"runtime":361},"_runtime":361}