{"loss":37.46976089477539,"gradients/graph_4context_embeddings.weight":{"values":[2,0,1,0,1,2,3,6,1,9,7,19,15,15,27,41,56,84,118,154,216,322,389,590,766,1038,1375,2093,4394,28565,1.762579e+06,8140,2784,1615,1141,862,691,503,390,276,228,132,94,65,43,34,23,22,23,12,11,7,3,1,3,3,1,1,0,2,1,0,0,1],"bins":[-0.00044022893416695297,-0.00042567242053337395,-0.0004111159360036254,-0.0003965594223700464,-0.00038200290873646736,-0.0003674464242067188,-0.0003528899105731398,-0.00033833342604339123,-0.0003237769124098122,-0.0003092203987762332,-0.00029466391424648464,-0.0002801074006129056,-0.00026555091608315706,-0.00025099440244957805,-0.00023643788881599903,-0.00022188138973433524,-0.00020732489065267146,-0.00019276837701909244,-0.00017821189248934388,-0.00016365537885576487,-0.0001490988943260163,-0.0001345423806924373,-0.00011998586705885828,-0.00010542938252910972,-9.08728688955307e-05,-7.631635526195168e-05,-6.175987073220313e-05,-4.720335709862411e-05,-3.2646843465045094e-05,-1.8090358935296535e-05,-3.5338453017175198e-06,1.102263922803104e-05,2.5579181965440512e-05,4.013569559901953e-05,5.4692180128768086e-05,6.92486937623471e-05,8.380517829209566e-05,9.836169192567468e-05,0.00011291820555925369,0.00012747469008900225,0.00014203120372258127,0.00015658771735616028,0.00017114420188590884,0.00018570071551948786,0.00020025722915306687,0.00021481371368281543,0.00022937022731639445,0.000243926711846143,0.000258483225479722,0.00027303973911330104,0.0002875962236430496,0.0003021527372766286,0.00031670922180637717,0.0003312657354399562,0.0003458222490735352,0.0003603787627071142,0.0003749352472368628,0.00038949173176661134,0.00040404824540019035,0.00041860475903376937,0.0004331612726673484,0.00044771775719709694,0.00046227427083067596,0.0004768307553604245,0.0004913872689940035],"_type":"histogram"},"gradients/graph_4target_embeddings.weight":{"bins":[-0.0004895787569694221,-0.00047566022840328515,-0.0004617416998371482,-0.0004478231421671808,-0.0004339046136010438,-0.00041998608503490686,-0.0004060675564687699,-0.00039214902790263295,-0.000378230499336496,-0.00036431197077035904,-0.0003503934131003916,-0.0003364749136380851,-0.0003225563559681177,-0.00030863782740198076,-0.0002947192988358438,-0.0002808007411658764,-0.0002668822417035699,-0.0002529636840336025,-0.00023904515546746552,-0.00022512662690132856,-0.0002112080983351916,-0.00019728956976905465,-0.0001833710412029177,-0.00016945248353295028,-0.00015553395496681333,-0.00014161542640067637,-0.0001276968978345394,-0.00011377836926840246,-9.98598407022655e-05,-8.594128303229809e-05,-7.202275446616113e-05,-5.8104225900024176e-05,-4.418569733388722e-05,-3.0267168767750263e-05,-1.6348640201613307e-05,-2.4301116354763508e-06,1.1488446034491062e-05,2.540697460062802e-05,3.9325503166764975e-05,5.324403173290193e-05,6.716256029903889e-05,8.108108886517584e-05,9.499964653514326e-05,0.00010891817510128021,0.00012283670366741717,0.00013675523223355412,0.00015067376079969108,0.00016459230391774327,0.00017851083248388022,0.00019242936105001718,0.00020634790416806936,0.00022026643273420632,0.00023418496130034328,0.0002481035189703107,0.0002620220184326172,0.0002759405761025846,0.00028985910466872156,0.0003037776332348585,0.00031769616180099547,0.0003316146903671324,0.0003455332189332694,0.00035945174749940634,0.00037337030516937375,0.0003872888337355107,0.00040120736230164766],"_type":"histogram","values":[1,0,0,0,0,0,0,1,1,0,0,2,0,4,4,1,8,11,13,26,37,47,62,63,117,155,216,314,461,596,831,1136,1315,1515,1639,1.80404e+06,1594,1432,1153,882,641,521,337,244,182,110,79,66,47,28,13,17,10,7,1,2,6,3,3,2,3,0,0,1]},"_wandb":{"runtime":322},"_runtime":322,"_timestamp":1.7599799645666492e+09,"_step":236}