{"_wandb":{"runtime":195},"_runtime":195,"loss":0.00783577561378479,"_timestamp":1.7599715433085775e+09,"_step":116,"gradients/context_embeddings.weight":{"values":[23,0,0,23,23,0,46,0,0,23,46,0,23,23,0,0,23,46,69,23,46,138,92,115,92,184,333,288,644,1380,2538,1.724459e+06,81987,2966,1620,756,376,353,216,108,135,108,162,54,27,81,54,27,0,0,27,27,0,54,27,0,0,54,0,27,27,0,0,27],"bins":[-2.2951013534111553e-07,-2.2233754748413048e-07,-2.1516495962714544e-07,-2.079923717701604e-07,-2.0081976970232063e-07,-1.9364718184533558e-07,-1.8647459398835053e-07,-1.793020061313655e-07,-1.7212941827438044e-07,-1.6495681620654068e-07,-1.5778422834955563e-07,-1.5061164049257059e-07,-1.4343905263558554e-07,-1.362664647786005e-07,-1.2909387692161545e-07,-1.219212890646304e-07,-1.14748694102218e-07,-1.0757609913980559e-07,-1.0040351128282055e-07,-9.32309234258355e-08,-8.605833556885045e-08,-7.88857477118654e-08,-7.171315985488036e-08,-6.45405577870406e-08,-5.736796993005555e-08,-5.0195382073070505e-08,-4.302279421608546e-08,-3.585020635910041e-08,-2.8677618502115365e-08,-2.1505016434275603e-08,-1.4332428577290557e-08,-7.15984072030551e-09,1.2747136679536197e-11,7.185334993664583e-09,1.435792285064963e-08,2.1530510707634676e-08,2.8703112775474438e-08,3.5875700632459484e-08,4.304828848944453e-08,5.022087634642958e-08,5.7393464203414624e-08,6.456605206039967e-08,7.173865412823943e-08,7.891124198522448e-08,8.608382984220952e-08,9.325641769919457e-08,1.0042900555617962e-07,1.0760159341316466e-07,1.1477418837557707e-07,1.2194678333798947e-07,1.2911937119497452e-07,1.3629195905195957e-07,1.434645469089446e-07,1.5063713476592966e-07,1.578097226229147e-07,1.6498231047989975e-07,1.7215491254773951e-07,1.7932750040472456e-07,1.865000882617096e-07,1.9367267611869465e-07,2.008452639756797e-07,2.0801786604351946e-07,2.151904539005045e-07,2.2236304175748955e-07,2.295356296144746e-07],"_type":"histogram"},"gradients/target_embeddings.weight":{"_type":"histogram","values":[27,27,27,27,0,0,0,27,0,0,0,54,54,27,0,0,27,0,27,0,27,81,27,81,27,27,65,151,162,189,567,1.812867e+06,4002,437,200,122,92,46,23,46,69,0,69,23,0,23,0,23,0,0,44,25,46,0,0,0,23,0,0,0,23,23,23,23],"bins":[-1.987294126593042e-06,-1.9250783225288615e-06,-1.8628627458383562e-06,-1.8006469417741755e-06,-1.7384312513968325e-06,-1.6762155610194895e-06,-1.6139998706421466e-06,-1.5517841802648036e-06,-1.4895683762006229e-06,-1.4273527995101176e-06,-1.365136995445937e-06,-1.302921305068594e-06,-1.240705614691251e-06,-1.1784898106270703e-06,-1.116274233936565e-06,-1.0540584298723843e-06,-9.918427394950413e-07,-9.296270491176983e-07,-8.674113587403554e-07,-8.051955546761747e-07,-7.429798642988317e-07,-6.807641739214887e-07,-6.185484835441457e-07,-5.563327931668027e-07,-4.941171027894598e-07,-4.3190129872527905e-07,-3.6968560834793607e-07,-3.074699179705931e-07,-2.452542275932501e-07,-1.8303853721590713e-07,-1.2082273315172642e-07,-5.8607156461221166e-08,3.608647602959536e-09,6.582445166714024e-08,1.280400283576455e-07,1.902558324218262e-07,2.524715227991692e-07,3.1468721317651216e-07,3.7690290355385514e-07,4.391185939311981e-07,5.013343979953788e-07,5.635500883727218e-07,6.257657787500648e-07,6.879814691274078e-07,7.501971595047507e-07,8.124128498820937e-07,8.746286539462744e-07,9.368443443236174e-07,9.990600347009604e-07,1.0612757250783034e-06,1.123491529142484e-06,1.1857071058329893e-06,1.24792290989717e-06,1.310138600274513e-06,1.372354290651856e-06,1.4345700947160367e-06,1.496785671406542e-06,1.5590014754707227e-06,1.6212171658480656e-06,1.6834328562254086e-06,1.7456485466027516e-06,1.8078642369800946e-06,1.8700800410442753e-06,1.9322956177347805e-06,1.9945114217989612e-06]}}