{"loss":37.6313591003418,"gradients/context_embeddings.weight":{"bins":[-0.0003681415691971779,-0.00035396870225667953,-0.00033979586442001164,-0.0003256229974795133,-0.0003114501596428454,-0.00029727729270234704,-0.00028310445486567914,-0.0002689315879251808,-0.0002547587500885129,-0.00024058588314801455,-0.00022641303075943142,-0.0002122401783708483,-0.00019806732598226517,-0.00018389447359368205,-0.00016972162120509893,-0.0001555487688165158,-0.00014137591642793268,-0.00012720306403934956,-0.0001130301970988512,-9.885735926218331e-05,-8.468449232168496e-05,-7.051165448501706e-05,-5.633878754451871e-05,-4.2165949707850814e-05,-2.7993082767352462e-05,-1.3820244930684566e-05,3.5262200981378555e-07,1.4525459846481681e-05,2.8698326786980033e-05,4.287116462364793e-05,5.704403156414628e-05,7.121686940081418e-05,8.538973634131253e-05,9.956260328181088e-05,0.00011373544111847878,0.00012790830805897713,0.00014208114589564502,0.00015625401283614337,0.00017042685067281127,0.00018459971761330962,0.00019877255544997752,0.00021294542239047587,0.00022711826022714376,0.00024129112716764212,0.00025546396500431,0.00026963683194480836,0.00028380966978147626,0.0002979825367219746,0.00031215540366247296,0.00032632824149914086,0.00034050107933580875,0.0003546739462763071,0.00036884681321680546,0.00038301965105347335,0.00039719248889014125,0.0004113653558306396,0.00042553822277113795,0.00043971106060780585,0.0004538839275483042,0.0004680567653849721,0.00048222963232547045,0.0004964024992659688,0.0005105753079988062,0.0005247481749393046,0.0005389210418798029],"_type":"histogram","values":[1,0,2,1,0,3,3,4,4,11,10,13,16,39,37,65,102,122,248,423,667,1072,1875,3222,6392,1.483689e+06,77449,5716,3085,1795,1121,681,427,280,192,110,68,46,26,21,18,15,9,3,7,3,3,2,0,0,0,1,0,0,0,0,0,0,0,0,0,0,0,1]},"gradients/target_embeddings.weight":{"values":[4,0,3,3,1,3,8,7,9,12,24,18,38,47,71,95,131,207,280,410,666,997,1514,2278,2933,3386,1.564032e+06,3391,2702,1967,1313,824,548,356,250,172,88,88,60,42,33,21,17,8,20,10,1,2,0,2,1,1,1,3,0,0,0,0,1,0,0,0,0,1],"bins":[-0.00025002798065543175,-0.00024052469234447926,-0.00023102140403352678,-0.0002215181157225743,-0.0002120148274116218,-0.00020251153910066932,-0.00019300825078971684,-0.00018350494792684913,-0.00017400167416781187,-0.00016449837130494416,-0.0001549950975459069,-0.0001454917946830392,-0.0001359885063720867,-0.00012648521806113422,-0.00011698192975018173,-0.00010747864143922925,-9.797535312827677e-05,-8.847206481732428e-05,-7.89687765063718e-05,-6.946548819541931e-05,-5.996219988446683e-05,-5.045891157351434e-05,-4.095562326256186e-05,-3.145233495160937e-05,-2.194903208874166e-05,-1.2445743777789176e-05,-2.942455466836691e-06,6.560818292200565e-06,1.606412115506828e-05,2.5567394914105535e-05,3.507069777697325e-05,4.4573971536010504e-05,5.407727439887822e-05,6.358057726174593e-05,7.308385102078319e-05,8.25871538836509e-05,9.209042764268816e-05,0.00010159373050555587,0.00011109700426459312,0.00012060029257554561,0.0001301035808864981,0.0001396068837493658,0.0001491101720603183,0.00015861346037127078,0.00016811674868222326,0.00017762003699317575,0.00018712332530412823,0.00019662661361508071,0.0002061299019260332,0.00021563319023698568,0.00022513647854793817,0.00023463976685889065,0.00024414306972175837,0.0002536463434807956,0.00026314964634366333,0.0002726529201027006,0.0002821562229655683,0.00029165949672460556,0.0003011627995874733,0.00031066607334651053,0.00032016937620937824,0.0003296726499684155,0.0003391759528312832,0.00034867922659032047,0.0003581825294531882],"_type":"histogram"},"_wandb":{"runtime":339},"_runtime":339,"_timestamp":1.7599848403407083e+09,"_step":240}