{"_step":326,"loss":34.013946533203125,"_timestamp":1.7599758177481518e+09,"gradients/context_embeddings.weight":{"bins":[-0.0006185481906868517,-0.000597425561863929,-0.0005763029912486672,-0.0005551803624257445,-0.0005340577336028218,-0.0005129351047798991,-0.0004918125341646373,-0.0004706899053417146,-0.00044956730562262237,-0.0004284447059035301,-0.0004073220770806074,-0.00038619947736151516,-0.0003650768776424229,-0.0003439542488195002,-0.00032283164910040796,-0.00030170902027748525,-0.000280586420558393,-0.00025946382083930075,-0.00023834119201637805,-0.0002172185922972858,-0.0001960959634743631,-0.00017497336375527084,-0.0001538507640361786,-0.00013272813521325588,-0.00011160556459799409,-9.048293577507138e-05,-6.936030695214868e-05,-4.823767812922597e-05,-2.7115107513964176e-05,-5.9924786910414696e-06,1.5130150131881237e-05,3.625272074714303e-05,5.737540777772665e-05,7.849803660064936e-05,9.962060721591115e-05,0.00012074323603883386,0.00014186586486175656,0.00016298843547701836,0.00018411106429994106,0.00020523369312286377,0.00022635632194578648,0.00024747889256104827,0.000268601521383971,0.0002897241211030632,0.0003108467208221555,0.0003319693496450782,0.00035309194936417043,0.00037421457818709314,0.0003953371779061854,0.00041645977762527764,0.00043758240644820035,0.0004587050061672926,0.0004798276349902153,0.000500950263813138,0.0005220728344283998,0.0005431954632513225,0.0005643180338665843,0.000585440662689507,0.0006065632915124297,0.0006276859203353524,0.0006488084909506142,0.0006699311197735369,0.0006910537485964596,0.0007121763192117214,0.0007332989480346441],"_type":"histogram","values":[2,0,0,2,4,1,0,2,3,2,3,7,7,9,18,17,25,37,55,88,129,169,255,393,593,913,1402,2499,14591,1.788724e+06,4691,1852,1101,740,531,369,227,153,110,74,56,38,24,12,14,14,9,6,3,6,4,3,1,1,0,2,0,2,0,3,1,2,0,1]},"gradients/target_embeddings.weight":{"values":[1,0,0,0,1,0,2,0,0,2,0,0,2,3,2,0,2,3,6,7,5,14,20,20,30,45,57,93,102,186,295,447,766,1149,1717,1.808482e+06,1936,1537,1112,704,429,278,171,94,81,53,34,26,16,16,12,10,5,1,4,2,4,4,5,1,1,1,0,4],"bins":[-0.0008469785680063069,-0.0008233979460783303,-0.0007998173241503537,-0.0007762367022223771,-0.0007526560802944005,-0.0007290754583664238,-0.0007054947782307863,-0.0006819141563028097,-0.0006583335343748331,-0.0006347529124468565,-0.0006111722905188799,-0.0005875916685909033,-0.0005640110466629267,-0.0005404304247349501,-0.0005168498028069735,-0.0004932691808789968,-0.00046968855895102024,-0.00044610793702304363,-0.000422527315095067,-0.0003989466931670904,-0.0003753660712391138,-0.0003517854493111372,-0.0003282048273831606,-0.000304624205455184,-0.00028104352531954646,-0.00025746290339156985,-0.00023388228146359324,-0.00021030165953561664,-0.00018672103760764003,-0.00016314041567966342,-0.0001395597937516868,-0.0001159791718237102,-9.239849168807268e-05,-6.881786976009607e-05,-4.5237247832119465e-05,-2.1656625904142857e-05,1.9239960238337517e-06,2.550461795181036e-05,4.908523987978697e-05,7.266586180776358e-05,9.624648373574018e-05,0.0001198271638713777,0.00014340778579935431,0.00016698840772733092,0.00019056902965530753,0.00021414965158328414,0.00023773027351126075,0.00026131089543923736,0.00028489151736721396,0.00030847213929519057,0.0003320527612231672,0.0003556333831511438,0.0003792140050791204,0.00040279465611092746,0.00042637527803890407,0.0004499558999668807,0.0004735365218948573,0.0004971171729266644,0.000520697794854641,0.0005442784167826176,0.0005678590387105942,0.0005914396606385708,0.0006150202825665474,0.000638600904494524,0.0006621815264225006],"_type":"histogram"},"_wandb":{"runtime":364},"_runtime":364}