{"_timestamp":1.759986386956581e+09,"_step":241,"gradients/graph_1target_embeddings.weight":{"_type":"histogram","values":[3,0,3,0,1,1,3,4,5,10,12,15,11,21,20,31,50,67,86,158,216,351,474,759,1179,1756,2484,2933,3340,8.115749e+06,3095,2432,1825,1187,836,504,354,240,144,101,72,59,39,31,20,15,13,13,11,7,2,5,0,1,1,0,0,0,0,0,0,0,0,1],"bins":[-0.0002680742181837559,-0.00025885042850859463,-0.00024962660972960293,-0.00024040280550252646,-0.00023117900127545,-0.00022195521160028875,-0.00021273140737321228,-0.0002035076031461358,-0.00019428379891905934,-0.00018505999469198287,-0.0001758361904649064,-0.00016661238623782992,-0.00015738859656266868,-0.00014816477778367698,-0.00013894098810851574,-0.00012971718388143927,-0.0001204933796543628,-0.00011126957542728633,-0.00010204577120020986,-9.282196697313339e-05,-8.359816274605691e-05,-7.437437307089567e-05,-6.51505688438192e-05,-5.592676461674273e-05,-4.670296038966626e-05,-3.747915616258979e-05,-2.8255351935513318e-05,-1.9031547708436847e-05,-9.807758033275604e-06,-5.83939254283905e-07,8.639850420877337e-06,1.7863669199869037e-05,2.708745887503028e-05,3.631124855019152e-05,4.553506732918322e-05,5.475885700434446e-05,6.398267578333616e-05,7.32064654584974e-05,8.243026968557388e-05,9.165407391265035e-05,0.00010087787813972682,0.00011010168236680329,0.00011932548659387976,0.00012854929082095623,0.00013777308049611747,0.00014699688472319394,0.00015622068895027041,0.00016544449317734689,0.00017466829740442336,0.00018389210163149983,0.0001931159058585763,0.00020233969553373754,0.00021156351431272924,0.00022078730398789048,0.00023001110821496695,0.00023923491244204342,0.00024845870211720467,0.00025768252089619637,0.0002669063105713576,0.0002761301293503493,0.00028535391902551055,0.00029457773780450225,0.0003038015274796635,0.0003130253462586552,0.00032224913593381643]},"gradients/graph_1context_embeddings.weight":{"values":[1,0,0,0,0,0,0,0,1,0,0,0,1,1,1,1,3,5,5,7,14,21,21,33,57,109,124,250,347,694,1203,2202,3843,9153,8.099253e+06,14407,4257,2149,1126,623,331,190,114,67,35,30,24,13,13,2,2,4,3,4,1,2,1,0,0,1,0,0,0,1],"bins":[-0.0005636973073706031,-0.0005473881028592587,-0.0005310788983479142,-0.0005147696938365698,-0.0004984604893252254,-0.00048215125571005046,-0.0004658420220948756,-0.00044953281758353114,-0.0004332236130721867,-0.0004169144085608423,-0.00040060520404949784,-0.00038429597043432295,-0.0003679867659229785,-0.0003516775614116341,-0.0003353683277964592,-0.00031905912328511477,-0.00030274991877377033,-0.0002864407142624259,-0.00027013150975108147,-0.0002538222761359066,-0.00023751307162456214,-0.0002212038671132177,-0.00020489463349804282,-0.0001885854289866984,-0.00017227622447535396,-0.00015596701996400952,-0.0001396578154526651,-0.0001233485818374902,-0.00010703937732614577,-9.073017281480134e-05,-7.442093919962645e-05,-5.811173468828201e-05,-4.180253017693758e-05,-2.5493325665593147e-05,-9.184121154248714e-06,7.125112460926175e-06,2.3434316972270608e-05,3.974352148361504e-05,5.605275509878993e-05,7.236195961013436e-05,8.86711641214788e-05,0.00010498036863282323,0.00012128957314416766,0.00013759880675934255,0.00015390801127068698,0.00017021721578203142,0.0001865264493972063,0.00020283565390855074,0.00021914485841989517,0.0002354540629312396,0.00025176326744258404,0.00026807250105775893,0.00028438170556910336,0.0003006909100804478,0.0003170001436956227,0.0003333093482069671,0.00034961855271831155,0.000365927757229656,0.0003822369617410004,0.0003985461953561753,0.00041485539986751974,0.00043116460437886417,0.00044747383799403906,0.0004637830425053835,0.0004800922470167279],"_type":"histogram"},"_wandb":{"runtime":1164},"_runtime":1164,"loss":37.17717361450195}