{"_runtime":413,"loss":0.24147705733776093,"_timestamp":1.759976895735632e+09,"_step":119,"gradients/context_embeddings.weight":{"bins":[-1.2510665783338482e-06,-1.211969447467709e-06,-1.1728723166015698e-06,-1.1337751857354306e-06,-1.094678168556129e-06,-1.05558103768999e-06,-1.0164839068238507e-06,-9.773867759577115e-07,-9.382896450915723e-07,-8.99192571068852e-07,-8.600954402027128e-07,-8.209983661799924e-07,-7.819012353138532e-07,-7.428041044477141e-07,-7.037069735815749e-07,-6.646098995588545e-07,-6.255127686927153e-07,-5.864156378265761e-07,-5.473185638038558e-07,-5.082214329377166e-07,-4.691243020715774e-07,-4.3002722804885707e-07,-3.9093009718271787e-07,-3.518329663165787e-07,-3.1273589229385834e-07,-2.7363876142771915e-07,-2.3454163056157995e-07,-1.9544449969544075e-07,-1.5634736882930156e-07,-1.1725035165000008e-07,-7.815322078386089e-08,-3.905608991772169e-08,4.1040948417503387e-11,3.91381718145567e-08,7.82353026806959e-08,1.1733243354683509e-07,1.5642945072613657e-07,1.9552658159227576e-07,2.3462371245841496e-07,2.7372084332455415e-07,3.1281797419069335e-07,3.519150482134137e-07,3.910121790795529e-07,4.301093099456921e-07,4.692063839684124e-07,5.083035148345516e-07,5.474006457006908e-07,5.864977197234111e-07,6.255948505895503e-07,6.646919814556895e-07,7.037890554784099e-07,7.428861863445491e-07,7.819833172106883e-07,8.210804480768275e-07,8.601775220995478e-07,8.99274652965687e-07,9.383717269884073e-07,9.774688578545465e-07,1.0165659887206857e-06,1.055663119586825e-06,1.094760250452964e-06,1.1338572676322656e-06,1.1729543984984048e-06,1.212051529364544e-06,1.2511486602306832e-06],"_type":"histogram","values":[116,29,116,58,29,58,174,0,174,87,116,112,207,29,178,199,261,261,232,145,116,232,261,406,319,551,410,605,754,1247,1595,6.154302e+06,36248,1155,924,525,441,294,399,231,294,189,168,84,105,168,189,189,147,126,21,149,82,84,63,126,0,127,41,21,42,84,21,84]},"gradients/target_embeddings.weight":{"bins":[-0.00014643419126514345,-0.00014185688633006066,-0.00013727958139497787,-0.00013270227645989507,-0.00012812497152481228,-0.0001235476665897295,-0.00011897036893060431,-0.00011439306399552152,-0.00010981575906043872,-0.00010523845412535593,-0.00010066114919027314,-9.608385153114796e-05,-9.150654659606516e-05,-8.692924166098237e-05,-8.235193672589958e-05,-7.777463179081678e-05,-7.319732685573399e-05,-6.86200219206512e-05,-6.40427169855684e-05,-5.946541205048561e-05,-5.488810711540282e-05,-5.031080945627764e-05,-4.5733504521194845e-05,-4.115619958611205e-05,-3.657889465102926e-05,-3.2001589715946466e-05,-2.7424284780863672e-05,-2.2846987121738493e-05,-1.82696821866557e-05,-1.3692377251572907e-05,-9.115072316490114e-06,-4.5377673814073205e-06,3.95521055907011e-08,4.616857040673494e-06,9.194161975756288e-06,1.377146691083908e-05,1.8348771845921874e-05,2.2926076781004667e-05,2.7503374440129846e-05,3.208067937521264e-05,3.665798431029543e-05,4.1235289245378226e-05,4.581259418046102e-05,5.038989911554381e-05,5.496719677466899e-05,5.9544501709751785e-05,6.412180664483458e-05,6.869911157991737e-05,7.327641651500016e-05,7.785372145008296e-05,8.243102638516575e-05,8.700833132024854e-05,9.158563625533134e-05,9.616294119041413e-05,0.00010074023884953931,0.0001053175437846221,0.0001098948487197049,0.00011447215365478769,0.00011904945858987048,0.00012362675624899566,0.00012820406118407845,0.00013278136611916125,0.00013735867105424404,0.00014193597598932683,0.00014651328092440963],"_type":"histogram","values":[79,47,21,0,0,0,0,21,0,0,0,0,0,21,21,0,0,0,0,0,42,0,21,0,0,21,0,21,21,42,105,6.20244e+06,2610,145,58,29,29,0,29,0,0,29,0,58,0,0,0,0,0,29,29,0,0,0,0,0,29,0,0,0,0,29,62,112]},"_wandb":{"runtime":413}}