{"gradients/context_embeddings.weight":{"values":[24,0,48,24,0,72,0,24,0,24,96,0,0,72,24,24,72,0,96,24,48,140,52,48,48,24,192,48,168,168,912,40857,2.879493e+06,988,182,182,52,208,26,52,52,57,151,52,26,104,0,78,26,26,78,0,0,104,26,0,26,0,78,0,26,52,0,26],"bins":[-6.889191581649357e-07,-6.673906796095253e-07,-6.458622010541148e-07,-6.243337793421233e-07,-6.028053007867129e-07,-5.812768222313025e-07,-5.597483436758921e-07,-5.382198651204817e-07,-5.166914434084902e-07,-4.951629648530798e-07,-4.7363448629766935e-07,-4.5210600774225895e-07,-4.3057752918684855e-07,-4.090490790531476e-07,-3.875206004977372e-07,-3.659921503640362e-07,-3.444636718086258e-07,-3.229351932532154e-07,-3.0140674311951443e-07,-2.7987826456410403e-07,-2.5834981443040306e-07,-2.3682133587499266e-07,-2.1529285731958225e-07,-1.9376437876417185e-07,-1.7223590020876145e-07,-1.507074784967699e-07,-1.291789999413595e-07,-1.076505213859491e-07,-8.61220428305387e-08,-6.45935642751283e-08,-4.306514256313676e-08,-2.1536664007726358e-08,-8.128608897095546e-12,2.1520349946513306e-08,4.304882850192371e-08,6.457725021391525e-08,8.610572876932565e-08,1.0763420732473605e-07,1.2916268588014646e-07,1.5069116443555686e-07,1.722195861475484e-07,1.937480647029588e-07,2.152765432583692e-07,2.368050218137796e-07,2.5833350036919e-07,2.79861950502891e-07,3.013904290583014e-07,3.2291887919200235e-07,3.4444735774741275e-07,3.6597583630282315e-07,3.875042864365241e-07,4.0903276499193453e-07,4.305612151256355e-07,4.520896936810459e-07,4.736181722364563e-07,4.951466507918667e-07,5.166750725038582e-07,5.382035510592686e-07,5.59732029614679e-07,5.812605081700895e-07,6.027889867254999e-07,6.243174084374914e-07,6.458458869929018e-07,6.673743655483122e-07,6.889028441037226e-07],"_type":"histogram"},"gradients/target_embeddings.weight":{"bins":[-1.843097197706811e-05,-1.785427775757853e-05,-1.7277583538088948e-05,-1.670089113758877e-05,-1.6124196918099187e-05,-1.5547502698609605e-05,-1.4970808479120024e-05,-1.4394115169125143e-05,-1.3817421859130263e-05,-1.3240727639640681e-05,-1.26640334201511e-05,-1.208734011015622e-05,-1.1510645890666638e-05,-1.0933952580671757e-05,-1.0357258361182176e-05,-9.780565051187295e-06,-9.203870831697714e-06,-8.627176612208132e-06,-8.050483302213252e-06,-7.47378908272367e-06,-6.89709577272879e-06,-6.320401553239208e-06,-5.743708243244328e-06,-5.167014023754746e-06,-4.590319804265164e-06,-4.013626494270284e-06,-3.436932274780702e-06,-2.8602389647858217e-06,-2.28354474529624e-06,-1.706850525806658e-06,-1.1301581253064796e-06,-5.534639058168977e-07,2.3230313672684133e-08,5.99924533162266e-07,1.176618752651848e-06,1.7533111531520262e-06,2.330005372641608e-06,2.90669959213119e-06,3.48339290212607e-06,4.060087121615652e-06,4.636780431610532e-06,5.213474651100114e-06,5.790168870589696e-06,6.366862180584576e-06,6.943556400074158e-06,7.520249710069038e-06,8.09694392955862e-06,8.6736372395535e-06,9.250331459043082e-06,9.827025678532664e-06,1.0403718988527544e-05,1.0980413208017126e-05,1.1557106518012006e-05,1.2133800737501588e-05,1.2710494047496468e-05,1.328718826698605e-05,1.3863882486475632e-05,1.4440575796470512e-05,1.5017269106465392e-05,1.5593963325954974e-05,1.6170657545444556e-05,1.6747351764934137e-05,1.7324044165434316e-05,1.7900738384923898e-05,1.847743260441348e-05],"_type":"histogram","values":[26,0,0,26,0,0,0,0,0,0,0,0,0,26,52,26,0,0,0,0,26,78,0,0,26,26,26,0,0,0,78,2.924004e+06,696,72,0,0,0,24,24,24,0,0,72,24,0,0,0,0,47,25,24,0,0,0,0,0,0,0,0,0,24,0,0,24]},"_wandb":{"runtime":310},"_runtime":310,"loss":0.014449448324739933,"_timestamp":1.7599774384068394e+09,"_step":159}