{"_timestamp":1.75997516992689e+09,"_step":117,"loss":0.002971779555082321,"gradients/context_embeddings.weight":{"_type":"histogram","values":[20,20,20,0,40,20,20,0,20,0,40,0,80,40,0,80,80,60,21,159,200,222,218,280,280,518,602,720,1225,2815,6339,1.558784e+06,225950,9473,4183,1831,1080,918,762,420,420,328,332,300,239,31,90,120,120,0,60,120,0,60,0,30,0,30,30,60,0,30,30,30],"bins":[-7.140958757645421e-08,-6.917793626826096e-08,-6.694628496006771e-08,-6.471463365187446e-08,-6.248298234368121e-08,-6.025133814091532e-08,-5.801968683272207e-08,-5.578803552452882e-08,-5.355638421633557e-08,-5.132473290814232e-08,-4.909308159994907e-08,-4.68614338444695e-08,-4.462978253627625e-08,-4.2398131228083e-08,-4.016648347260343e-08,-3.793483216441018e-08,-3.570318085621693e-08,-3.347152954802368e-08,-3.123987823983043e-08,-2.900823048435086e-08,-2.677657917615761e-08,-2.454492786796436e-08,-2.231328011248479e-08,-2.008162880429154e-08,-1.784997749609829e-08,-1.561832618790504e-08,-1.338667487971179e-08,-1.1155023571518541e-08,-8.923379368752649e-09,-6.691728060559399e-09,-4.460076752366149e-09,-2.228425444172899e-09,3.225864020350855e-12,2.2348771722136007e-09,4.4665284804068506e-09,6.6981797886001004e-09,8.92983109679335e-09,1.1161475299559243e-08,1.3393126607752492e-08,1.5624777915945742e-08,1.7856429224138992e-08,2.0088080532332242e-08,2.2319731840525492e-08,2.4551379596005063e-08,2.6783030904198313e-08,2.9014682212391563e-08,3.1246329967871134e-08,3.3477981276064384e-08,3.5709632584257633e-08,3.794128389245088e-08,4.017293520064413e-08,4.2404582956123704e-08,4.4636234264316954e-08,4.6867885572510204e-08,4.9099533327989775e-08,5.1331184636183025e-08,5.3562835944376275e-08,5.5794487252569525e-08,5.8026138560762774e-08,6.025778986895602e-08,6.248943407172192e-08,6.472108537991517e-08,6.695273668810842e-08,6.918438799630167e-08,7.141603930449492e-08]},"gradients/target_embeddings.weight":{"values":[40,20,0,0,0,0,0,0,0,0,0,0,30,53,67,60,0,0,153,57,0,150,150,60,180,63,184,173,240,450,1050,12737,1.801792e+06,803,308,200,100,140,60,120,33,107,100,0,20,120,0,0,40,20,60,20,0,0,0,0,0,0,0,0,0,0,0,40],"bins":[-9.176698085866519e-07,-8.890425533536472e-07,-8.604153549640614e-07,-8.317880997310567e-07,-8.031609013414709e-07,-7.745336461084662e-07,-7.459064477188804e-07,-7.172791924858757e-07,-6.886519940962899e-07,-6.600247388632852e-07,-6.313974836302805e-07,-6.027702852406946e-07,-5.741430868511088e-07,-5.455158316181041e-07,-5.168885763850994e-07,-4.882613779955136e-07,-4.5963415118421835e-07,-4.310069243729231e-07,-4.023796691399184e-07,-3.737524707503326e-07,-3.451252155173279e-07,-3.1649801712774206e-07,-2.8787076189473737e-07,-2.5924356350515154e-07,-2.3061630827214685e-07,-2.0198910988256102e-07,-1.7336185464955634e-07,-1.447346562599705e-07,-1.1610740102696582e-07,-8.748020263737999e-08,-5.88529474043753e-08,-3.022574901478947e-08,-1.5984937817847822e-09,2.7028761451219907e-08,5.5655959840805735e-08,8.428321507381042e-08,1.1291041346339625e-07,1.4153766869640094e-07,1.7016486708598677e-07,1.9879212231899146e-07,2.274193207085773e-07,2.56046575941582e-07,2.846737743311678e-07,3.133010295641725e-07,3.419282279537583e-07,3.70555483186763e-07,3.9918268157634884e-07,4.2780993680935353e-07,4.564371636206488e-07,4.85064390431944e-07,5.136915888215299e-07,5.423188440545346e-07,5.709460992875393e-07,5.995732976771251e-07,6.282004960667109e-07,6.568277512997156e-07,6.854550065327203e-07,7.140822049223061e-07,7.427094601553108e-07,7.713366585448966e-07,7.999639137779013e-07,8.285911121674872e-07,8.572183674004918e-07,8.858455657900777e-07,9.144728210230824e-07],"_type":"histogram"},"_wandb":{"runtime":264},"_runtime":264}