{"gradients/context_embeddings.weight":{"bins":[-0.0006911632954142988,-0.0006702856044284999,-0.0006494078552350402,-0.0006285301642492414,-0.0006076524732634425,-0.0005867747822776437,-0.0005658970912918448,-0.0005450193420983851,-0.0005241416511125863,-0.0005032639601267874,-0.00048238624003715813,-0.00046150851994752884,-0.00044063082896173,-0.00041975313797593117,-0.0003988754178863019,-0.0003779976977966726,-0.00035712000681087375,-0.0003362423158250749,-0.0003153645957354456,-0.0002944868756458163,-0.0002736091846600175,-0.00025273149367421865,-0.00023185377358458936,-0.00021097605349496007,-0.00019009836250916123,-0.0001692206715233624,-0.00014834298053756356,-0.0001274652313441038,-0.00010658754035830498,-8.570984937250614e-05,-6.483210017904639e-05,-4.395440919324756e-05,-2.3076776415109634e-05,-2.1990854293107986e-06,1.8678605556488037e-05,3.9556354749947786e-05,6.043404573574662e-05,8.131173672154546e-05,0.00010218948591500521,0.00012306717690080404,0.00014394486788660288,0.00016482255887240171,0.000185700278962031,0.0002065779990516603,0.00022745569003745914,0.00024833338102325797,0.00026921110111288726,0.00029008882120251656,0.0003109665121883154,0.00033184420317411423,0.0003527219232637435,0.0003735996433533728,0.00039447733433917165,0.0004153550253249705,0.0004362327454145998,0.00045711046550422907,0.0004779881564900279,0.0004988658474758267,0.0005197435384616256,0.0005406212876550853,0.0005614989786408842,0.000582376669626683,0.0006032544188201427,0.0006241321098059416,0.0006450098007917404],"_type":"histogram","values":[1,0,0,0,0,1,1,0,0,0,0,1,3,3,1,3,2,7,11,7,16,19,30,39,48,95,138,285,481,995,2080,4247,39370,1.762241e+06,5062,2273,1218,593,291,155,87,43,37,25,21,27,11,9,3,6,1,5,4,3,0,0,0,0,0,0,0,0,0,1]},"gradients/target_embeddings.weight":{"bins":[-0.00048079396947287023,-0.000463874515844509,-0.0004469550331123173,-0.0004300355794839561,-0.0004131161258555949,-0.0003961966431234032,-0.00037927718949504197,-0.0003623577067628503,-0.00034543825313448906,-0.00032851879950612783,-0.00031159931677393615,-0.00029467986314557493,-0.00027776038041338325,-0.000260840926785022,-0.0002439214731566608,-0.0002270019904244691,-0.0002100825367961079,-0.00019316308316774666,-0.00017624360043555498,-0.00015932414680719376,-0.00014240466407500207,-0.00012548521044664085,-0.00010856575681827962,-9.164627408608794e-05,-7.472682045772672e-05,-5.780736682936549e-05,-4.088788409717381e-05,-2.3968430468812585e-05,-7.04897684045136e-06,9.870476787909865e-06,2.6789988623932004e-05,4.370944225229323e-05,6.0628866776824e-05,7.754832040518522e-05,9.446777403354645e-05,0.00011138728586956859,0.0001283067394979298,0.00014522619312629104,0.00016214564675465226,0.00017906512948684394,0.00019598458311520517,0.0002129040367435664,0.00022982351947575808,0.0002467429731041193,0.0002636624267324805,0.0002805819094646722,0.00029750136309303343,0.0003144208458252251,0.00033134029945358634,0.00034825975308194757,0.00036517923581413925,0.00038209868944250047,0.00039901817217469215,0.0004159376258030534,0.0004328570794314146,0.00044977653305977583,0.0004666960157919675,0.0004836154985241592,0.0005005349521525204,0.0005174544057808816,0.0005343738594092429,0.0005512933130376041,0.0005682128248736262,0.0005851322785019875,0.0006020517321303487],"_type":"histogram","values":[1,0,2,0,0,2,1,1,4,3,3,5,4,9,8,9,14,18,26,31,35,74,160,243,485,1085,2409,4584,1.802447e+06,4161,2113,973,478,247,116,59,51,29,28,17,17,9,9,3,9,3,2,2,1,1,2,2,0,1,0,1,0,0,0,2,0,0,0,1]},"_wandb":{"runtime":247},"_runtime":247,"loss":34.36933898925781,"_timestamp":1.7599785020409758e+09,"_step":162}