{"loss":0.0009471461526118219,"_timestamp":1.7599794737183087e+09,"_step":316,"gradients/graph_3context_embeddings.weight":{"_type":"histogram","values":[23,0,0,0,0,0,0,0,23,23,0,0,0,0,0,0,0,0,0,23,0,0,23,23,23,0,92,46,69,92,276,1.797025e+06,21375,324,108,81,54,108,0,27,27,27,0,0,27,0,0,0,0,0,0,0,0,0,27,27,0,0,0,0,0,0,0,27],"bins":[-2.8119345074628654e-07,-2.7240594135946594e-07,-2.6361843197264534e-07,-2.5483092258582474e-07,-2.460433847772947e-07,-2.3725588960132882e-07,-2.284683660036535e-07,-2.196808566168329e-07,-2.108933472300123e-07,-2.021058378431917e-07,-1.933183284563711e-07,-1.8453080485869577e-07,-1.7574329547187517e-07,-1.6695578608505457e-07,-1.5816826248737925e-07,-1.4938075310055865e-07,-1.4059324371373805e-07,-1.3180573432691745e-07,-1.2301822494009684e-07,-1.1423070134242153e-07,-1.0544319195560092e-07,-9.665568256878032e-08,-8.7868158971105e-08,-7.90806495842844e-08,-7.02931401974638e-08,-6.15056308106432e-08,-5.2718121423822595e-08,-4.393059782614728e-08,-3.514307422847196e-08,-2.6355564841651358e-08,-1.7568055454830755e-08,-8.780546068010153e-09,6.963318810448982e-12,8.794472705631051e-09,1.7581982092451653e-08,2.6369491479272256e-08,3.515700086609286e-08,4.3944524463768175e-08,5.273204806144349e-08,6.15195574482641e-08,7.03070668350847e-08,7.90945762219053e-08,8.78820856087259e-08,9.666960920640122e-08,1.0545711859322182e-07,1.1424462798004242e-07,1.2303215157771774e-07,1.3181966096453834e-07,1.4060717035135895e-07,1.4939467973817955e-07,1.5818218912500015e-07,1.6696971272267547e-07,1.7575722210949607e-07,1.8454473149631667e-07,1.93332255093992e-07,2.021197644808126e-07,2.109072738676332e-07,2.196947832544538e-07,2.284822926412744e-07,2.3726981623894972e-07,2.460573114149156e-07,2.5484484922344564e-07,2.6363235861026624e-07,2.7241986799708684e-07,2.8120737738390744e-07]},"gradients/graph_3target_embeddings.weight":{"bins":[-3.1269746614270844e-06,-3.0292551400634693e-06,-2.9315356186998542e-06,-2.8338158699625637e-06,-2.7360963485989487e-06,-2.6383768272353336e-06,-2.5406573058717186e-06,-2.4429377845081035e-06,-2.345218035770813e-06,-2.247498514407198e-06,-2.149778993043583e-06,-2.052059471679968e-06,-1.9543399503163528e-06,-1.8566203152659e-06,-1.758900793902285e-06,-1.6611811588518322e-06,-1.563461637488217e-06,-1.465742116124602e-06,-1.3680224810741493e-06,-1.2703029597105342e-06,-1.1725833246600814e-06,-1.0748638032964664e-06,-9.771442819328513e-07,-8.794247605692362e-07,-7.817052392056212e-07,-6.839854904683307e-07,-5.862659691047156e-07,-4.885464477411006e-07,-3.908269263774855e-07,-2.9310740501387045e-07,-1.9538765627657995e-07,-9.766813491296489e-08,5.161382432561368e-11,9.777113518794067e-08,1.9549065655155573e-07,2.9321040528884623e-07,3.909299266524613e-07,4.886494480160763e-07,5.863689693796914e-07,6.840884907433065e-07,7.81808239480597e-07,8.79527760844212e-07,9.77247282207827e-07,1.0749668035714421e-06,1.1726863249350572e-06,1.27040595998551e-06,1.368125481349125e-06,1.4658451163995778e-06,1.5635646377631929e-06,1.661284159126808e-06,1.7590037941772607e-06,1.8567233155408758e-06,1.9544429505913286e-06,2.0521624719549436e-06,2.1498819933185587e-06,2.2476015146821737e-06,2.3453212634194642e-06,2.4430407847830793e-06,2.5407603061466943e-06,2.6384798275103094e-06,2.7361993488739245e-06,2.833919097611215e-06,2.93163861897483e-06,3.029358140338445e-06,3.12707766170206e-06],"_type":"histogram","values":[27,0,0,0,0,0,0,0,0,0,0,0,0,0,0,0,0,0,0,0,0,0,0,27,0,0,0,0,27,54,81,1.814908e+06,4692,69,46,23,0,0,0,0,23,0,0,0,0,0,0,0,0,0,0,0,0,0,0,0,0,0,0,0,0,0,0,23]},"_wandb":{"runtime":361},"_runtime":361}