{"_wandb":{"runtime":141},"_runtime":141,"_timestamp":1.7599668505890515e+09,"_step":48,"step":4899,"loss":36.56547164916992}