{"_wandb":{"runtime":188},"_runtime":188,"loss":34.761112213134766,"_timestamp":1.7599744536288376e+09,"_step":81,"gradients/target_embeddings.weight":{"bins":[-0.0002452540211379528,-0.00023661807063035667,-0.0002279821055708453,-0.00021934614051133394,-0.0002107101900037378,-0.00020207423949614167,-0.0001934382744366303,-0.00018480230937711895,-0.0001761663588695228,-0.00016753040836192667,-0.0001588944433024153,-0.00015025847824290395,-0.0001416225277353078,-0.00013298657722771168,-0.00012435061216820031,-0.00011571464710868895,-0.00010707869660109282,-9.844274609349668e-05,-8.980678103398532e-05,-8.117081597447395e-05,-7.253486546687782e-05,-6.389891495928168e-05,-5.526294989977032e-05,-4.6626984840258956e-05,-3.799103433266282e-05,-2.9355083825066686e-05,-2.0719118765555322e-05,-1.2083153706043959e-05,-3.4472031984478235e-06,5.188747309148312e-06,1.3824726920574903e-05,2.246067742817104e-05,3.109659883193672e-05,3.973254933953285e-05,4.836849984712899e-05,5.700447945855558e-05,6.564042996615171e-05,7.427638047374785e-05,8.291234553325921e-05,9.154831059277058e-05,0.00010018426110036671,0.00010882021160796285,0.00011745617666747421,0.00012609214172698557,0.0001347280922345817,0.00014336404274217784,0.0001520000078016892,0.00016063597286120057,0.0001692719233687967,0.00017790787387639284,0.0001865438389359042,0.00019517980399541557,0.0002038157545030117,0.00021245170501060784,0.0002210876700701192,0.00022972363512963057,0.0002383595856372267,0.00024699553614482284,0.00025563151575624943,0.00026426746626384556,0.0002729034167714417,0.00028153936727903783,0.00029017531778663397,0.00029881129739806056,0.0003074472479056567],"_type":"histogram","values":[1,0,2,1,2,2,5,2,4,3,5,9,9,8,9,19,23,27,20,45,67,111,197,367,721,1769,4287,8617,1.789395e+06,7572,3707,1508,617,354,187,95,55,41,24,25,15,11,10,10,10,4,7,4,3,5,1,3,1,1,1,0,0,0,1,0,0,0,0,1]},"gradients/context_embeddings.weight":{"_type":"histogram","values":[1,1,0,3,4,3,2,4,6,6,8,6,13,9,16,18,25,30,35,59,95,152,292,532,1140,2455,4556,9267,1.746127e+06,42104,6675,3214,1569,667,338,184,93,60,57,38,23,23,13,10,7,6,9,11,4,7,7,1,3,5,2,1,2,0,1,0,0,0,0,1],"bins":[-0.0003269321168772876,-0.00031558662885800004,-0.00030424114083871245,-0.00029289565281942487,-0.0002815501356963068,-0.00027020464767701924,-0.00025885915965773165,-0.00024751367163844407,-0.00023616816906724125,-0.00022482266649603844,-0.00021347717847675085,-0.00020213169045746326,-0.00019078620243817568,-0.00017944069986697286,-0.00016809521184768528,-0.00015674970927648246,-0.00014540422125719488,-0.0001340587332379073,-0.00012271323066670448,-0.00011136774264741689,-0.00010002224007621408,-8.867675205692649e-05,-7.73312640376389e-05,-6.598577601835132e-05,-5.464028799906373e-05,-4.329477087594569e-05,-3.19492828566581e-05,-2.0603794837370515e-05,-9.258306818082929e-06,2.0871812012046576e-06,1.34326983243227e-05,2.4778186343610287e-05,3.612370346672833e-05,4.7469191486015916e-05,5.88146795053035e-05,7.016019662842155e-05,8.150568464770913e-05,9.285117266699672e-05,0.0001041966606862843,0.00011554214870557189,0.00012688766582868993,0.00013823315384797752,0.0001495786418672651,0.0001609241298865527,0.00017226961790584028,0.0001836151204770431,0.00019496060849633068,0.0002063061110675335,0.00021765159908682108,0.00022899708710610867,0.00024034258967731148,0.00025168806314468384,0.0002630335802678019,0.00027437906828708947,0.00028572455630637705,0.00029707004432566464,0.0003084155614487827,0.00031976104946807027,0.00033110653748735785,0.00034245202550664544,0.00035379751352593303,0.0003651430015452206,0.00037648851866833866,0.00038783400668762624,0.00039917949470691383]}}