{"gradients/graph_2context_embeddings.weight":{"_type":"histogram","values":[1,2,2,1,0,1,5,5,8,9,6,17,11,26,23,32,49,72,82,133,158,243,406,582,855,1227,1874,2812,4862,21177,1.089778e+06,11382,4125,2582,1748,1207,872,568,404,225,185,131,97,59,53,39,30,21,13,8,10,10,3,2,5,3,2,2,1,2,1,0,0,1],"bins":[-0.00033513284870423377,-0.0003241027588956058,-0.0003130726399831474,-0.0003020425501745194,-0.00029101246036589146,-0.00027998234145343304,-0.0002689522516448051,-0.0002579221618361771,-0.0002468920429237187,-0.00023586195311509073,-0.00022483186330646276,-0.00021380175894591957,-0.00020277165458537638,-0.00019174156477674842,-0.00018071146041620523,-0.00016968137060757726,-0.00015865126624703407,-0.00014762116188649088,-0.00013659107207786292,-0.00012556096771731973,-0.00011453087790869176,-0.00010350077354814857,-9.247066918760538e-05,-8.144057937897742e-05,-7.0410460466519e-05,-5.9380370657891035e-05,-4.835028084926307e-05,-3.732019104063511e-05,-2.629007212817669e-05,-1.5259982319548726e-05,-4.229892510920763e-06,6.800226401537657e-06,1.7830287106335163e-05,2.8860376914963126e-05,3.9890495827421546e-05,5.092058563604951e-05,6.195067544467747e-05,7.298079435713589e-05,8.401088416576385e-05,9.504097397439182e-05,0.00010607106378301978,0.0001171011826954782,0.00012813127250410616,0.00013916137686464936,0.00015019148122519255,0.0001612215710338205,0.0001722516753943637,0.00018328176520299166,0.00019431186956353486,0.00020534197392407805,0.000216372063732706,0.0002274021680932492,0.00023843225790187716,0.0002494623768143356,0.00026049246662296355,0.0002715225564315915,0.00028255267534404993,0.0002935827651526779,0.00030461285496130586,0.0003156429738737643,0.00032667306368239224,0.0003377031534910202,0.00034873324329964817,0.0003597633622121066,0.00037079345202073455]},"gradients/graph_2target_embeddings.weight":{"values":[2,0,1,1,0,2,4,4,2,12,8,13,18,25,51,62,78,124,171,266,440,746,1158,1813,2604,3368,1.123017e+06,3977,3333,2449,1668,1029,601,396,266,181,110,73,44,33,24,28,11,8,6,8,6,3,0,1,2,0,0,2,0,0,0,0,0,0,0,0,0,1],"bins":[-0.00023800214694347233,-0.00022916511807125062,-0.0002203280891990289,-0.0002114910603268072,-0.0002026540314545855,-0.00019381700258236378,-0.00018497995915822685,-0.00017614293028600514,-0.00016730590141378343,-0.00015846887254156172,-0.00014963184366934001,-0.0001407948147971183,-0.0001319577859248966,-0.0001231207570526749,-0.00011428372818045318,-0.00010544669930823147,-9.660967043600976e-05,-8.777264156378806e-05,-7.893561269156635e-05,-7.009858381934464e-05,-6.126155494712293e-05,-5.242452607490122e-05,-4.3587497202679515e-05,-3.4750468330457807e-05,-2.591342490632087e-05,-1.707639603409916e-05,-8.239367161877453e-06,5.97661710344255e-07,9.434690582565963e-06,1.827171945478767e-05,2.710874832700938e-05,3.594577719923109e-05,4.4782820623368025e-05,5.361984949558973e-05,6.245687836781144e-05,7.129390724003315e-05,8.013093611225486e-05,8.896796498447657e-05,9.780499385669827e-05,0.00010664202272891998,0.00011547905160114169,0.00012431609502527863,0.00013315312389750034,0.00014199015276972204,0.00015082718164194375,0.00015966421051416546,0.00016850123938638717,0.00017733826825860888,0.00018617529713083059,0.0001950123260030523,0.000203849354875274,0.0002126863837474957,0.00022152341261971742,0.00023036045604385436,0.00023919748491607606,0.00024803451378829777,0.0002568715426605195,0.0002657085715327412,0.0002745456004049629,0.0002833826292771846,0.0002922196581494063,0.000301056687021628,0.00030989371589384973,0.00031873074476607144,0.00032756777363829315],"_type":"histogram"},"_wandb":{"runtime":152},"_runtime":152,"loss":38.3112678527832,"_timestamp":1.7599832460109906e+09,"_step":119}