{"_runtime":160,"loss":35.364627838134766,"_timestamp":1.7599667370964684e+09,"_step":81,"_wandb":{"runtime":160}}